{"count":1,"self":0.83153599999999994,"total":1.833454,"children":{"InitializeActuators":{"count":1,"self":0.0014969999999999998,"total":0.0014969999999999998,"children":null},"InitializeSensors":{"count":1,"self":0.0060989999999999994,"total":0.0060989999999999994,"children":null},"AgentSendState":{"count":4,"self":0.000919,"total":0.018383999999999998,"children":{"CollectObservations":{"count":2,"self":0.0017749999999999999,"total":0.0017749999999999999,"children":null},"WriteActionMask":{"count":2,"self":0.000133,"total":0.000133,"children":null},"RequestDecision":{"count":2,"self":0.0025299999999999997,"total":0.015557,"children":{"AgentInfo.ToProto":{"count":2,"self":0.000732,"total":0.013026999999999999,"children":{"GenerateSensorData":{"count":2,"self":0.007895,"total":0.012294999999999999,"children":{"RenderTextureSensor.GetCompressedObservation":{"count":2,"self":0.0043999999999999994,"total":0.0043999999999999994,"children":null}}}}}}}}},"DecideAction":{"count":4,"self":0.973105,"total":0.973105,"children":null},"AgentAct":{"count":4,"self":0.00067899999999999992,"total":0.00067899999999999992,"children":null}},"gauges":{},"metadata":{"timer_format_version":"0.1.0","start_time_seconds":"1746182204","unity_version":"2022.3.56f1","command_line_arguments":"\/home\/matthew-barthet\/Desktop\/Affectively-Environments\/.\/affectively\/builds\/platform\/Linux\/platform.x86_64 --mlagents-port 5007 -bufferWidth 128 -bufferHeight 96 -useGrayscale False -frameBuffer True -socketID ec1deea3-d0d0-4a5f-a7ec-6e57be45244f","communication_protocol_version":"1.5.0","com.unity.ml-agents_version":"2.0.1","scene_name":"Mario Clone","end_time_seconds":"1746182206"}}