{"count":1,"self":66323.0676992,"total":312008.93683699996,"children":{"InitializeActuators":{"count":1663,"self":0.028735499999999997,"total":0.028735499999999997,"children":null},"InitializeSensors":{"count":1663,"self":0.0792631,"total":0.0792631,"children":null},"AgentSendState":{"count":100008360,"self":210.61963519999998,"total":2367.559267,"children":{"CollectObservations":{"count":10017048,"self":215.0204928,"total":215.0204803,"children":null},"WriteActionMask":{"count":10017048,"self":6.8212231999999995,"total":6.8212233,"children":null},"RequestDecision":{"count":10017048,"self":20.7164432,"total":1935.0979269999998,"children":{"AgentInfo.ToProto":{"count":10017048,"self":40.828534399999995,"total":1914.3814837999998,"children":{"GenerateSensorData":{"count":10017048,"self":1873.5529984,"total":1873.5529480999999,"children":null}}}}}}},"DecideAction":{"count":100008360,"self":243065.290752,"total":243065.28919389998,"children":null},"AgentAct":{"count":100008360,"self":252.7317248,"total":252.73171929999998,"children":null},"AgentInfo.ToProto":{"count":1662,"self":0.0224315,"total":0.17942629999999998,"children":{"GenerateSensorData":{"count":1662,"self":0.1569948,"total":0.1569948,"children":null}}}},"gauges":{},"metadata":{"timer_format_version":"0.1.0","start_time_seconds":"1769805276","unity_version":"2022.3.56f1","command_line_arguments":"Z:\\affectively-framework\\.\/affectively\/builds\/platform\/Windows\/platform.exe --mlagents-port 5016 -gridWidth 7 -gridHeight 7 -frameBuffer False -socketID 5b6297f1-c201-4a6a-a8ed-76179feb19ca -decisionPeriod 10","communication_protocol_version":"1.5.0","com.unity.ml-agents_version":"2.0.1","scene_name":"Mario Clone","end_time_seconds":"1770117285"}}