{"count":1,"self":252125.4068224,"total":403519.3467555,"children":{"InitializeActuators":{"count":1,"self":0.0009965,"total":0.0009965,"children":null},"InitializeSensors":{"count":1,"self":0.0009957,"total":0.0009957,"children":null},"AgentSendState":{"count":100016927,"self":268.93895679999997,"total":1691.5712738,"children":{"CollectObservations":{"count":10016924,"self":274.305024,"total":274.3050214,"children":null},"WriteActionMask":{"count":10016924,"self":12.793744,"total":12.793744,"children":null},"RequestDecision":{"count":10016924,"self":28.2527616,"total":1135.5335567,"children":{"AgentInfo.ToProto":{"count":10016924,"self":49.119696,"total":1107.2807946,"children":{"GenerateSensorData":{"count":10016924,"self":1058.1610495999998,"total":1058.1610994,"children":null}}}}}}},"DecideAction":{"count":100016927,"self":149390.9504,"total":149390.95227069999,"children":null},"AgentAct":{"count":100016927,"self":311.405696,"total":311.40568529999996,"children":null}},"gauges":{},"metadata":{"timer_format_version":"0.1.0","start_time_seconds":"1748537001","unity_version":"2022.3.56f1","command_line_arguments":"C:\\Users\\IDG Room 208\\Documents\\GitHub\\Affectively-Framework\\.\/affectively\/builds\/platform\/Windows\/platform.exe --mlagents-port 5006 -frameBuffer False -socketID d5cf3b70-e1d9-4ca2-9057-9a9ed1ca9af5","communication_protocol_version":"1.5.0","com.unity.ml-agents_version":"2.0.1","scene_name":"Mario Clone","end_time_seconds":"1748940520"}}