{"count":1,"self":36.5043456,"total":52.614728299999996,"children":{"InitializeActuators":{"count":4,"self":0.0030028999999999998,"total":0.0030028999999999998,"children":null},"InitializeSensors":{"count":4,"self":0.013022299999999999,"total":0.013022299999999999,"children":null},"AgentSendState":{"count":13701,"self":0.0541599,"total":6.3081494,"children":{"CollectObservations":{"count":1411,"self":0.29163279999999997,"total":0.29163279999999997,"children":null},"WriteActionMask":{"count":1373,"self":0.0020016,"total":0.0020016,"children":null},"RequestDecision":{"count":1373,"self":0.0090108,"total":5.9603551,"children":{"AgentInfo.ToProto":{"count":1373,"self":0.020981,"total":5.9513443,"children":{"GenerateSensorData":{"count":1373,"self":5.9303631999999995,"total":5.9303633,"children":null}}}}}}},"DecideAction":{"count":13663,"self":9.6460639999999991,"total":9.6460642,"children":null},"AgentAct":{"count":13660,"self":0.1341888,"total":0.1341888,"children":null},"AgentInfo.ToProto":{"count":3,"self":0,"total":0.0019906,"children":{"GenerateSensorData":{"count":3,"self":0.0019906,"total":0.0019906,"children":null}}}},"gauges":{},"metadata":{"timer_format_version":"0.1.0","start_time_seconds":"1746456147","unity_version":"2022.3.56f1","command_line_arguments":"D:\\Affectively-Framework\\.\/affectively\/builds\/fps\/Windows\/fps\\fps.exe --mlagents-port 5006 -frameBuffer False -socketID e26d4f65-44b0-4248-baef-68ebf8c78443","communication_protocol_version":"1.5.0","com.unity.ml-agents_version":"2.0.1","scene_name":"FPS-Gym","end_time_seconds":"1746456199"}}