{"count":1,"self":10848.2977792,"total":14320.2180085,"children":{"InitializeActuators":{"count":756,"self":0.0073926999999999994,"total":0.0073926999999999994,"children":null},"InitializeSensors":{"count":756,"self":0.028467799999999998,"total":0.028467799999999998,"children":null},"AgentSendState":{"count":6860501,"self":14.6837696,"total":306.5430325,"children":{"CollectObservations":{"count":687314,"self":88.536735999999991,"total":88.536734299999992,"children":null},"WriteActionMask":{"count":687314,"self":0.5440219,"total":0.5440219,"children":null},"RequestDecision":{"count":687314,"self":1.9628329999999998,"total":202.7785069,"children":{"AgentInfo.ToProto":{"count":687314,"self":3.1962374,"total":200.81567389999998,"children":{"GenerateSensorData":{"count":687314,"self":197.6194304,"total":197.61943649999998,"children":null}}}}}}},"DecideAction":{"count":6860501,"self":3130.097664,"total":3130.0976253,"children":null},"AgentAct":{"count":6860501,"self":35.1525408,"total":35.152541899999996,"children":null},"AgentInfo.ToProto":{"count":383,"self":0.0033353999999999996,"total":0.0896752,"children":{"GenerateSensorData":{"count":383,"self":0.0863398,"total":0.0863398,"children":null}}}},"gauges":{},"metadata":{"timer_format_version":"0.1.0","start_time_seconds":"1761109019","unity_version":"2022.3.56f1","command_line_arguments":"C:\\Users\\IDG Room 208\\Documents\\GitHub\\Affectively-Framework\\.\/affectively\/builds\/fps\/Windows\/fps\\fps.exe -nographics -batchmode --mlagents-port 5008 -frameBuffer False -socketID 7a447dd3-a92a-473b-b0aa-567b587077cf","communication_protocol_version":"1.5.0","com.unity.ml-agents_version":"2.0.1","scene_name":"FPS-Gym","end_time_seconds":"1761123339"}}