{"count":1,"self":37.597007999999995,"total":3136.7841841,"children":{"InitializeActuators":{"count":5,"self":0.00099779999999999986,"total":0.00099779999999999986,"children":null},"InitializeSensors":{"count":5,"self":0.0065870999999999994,"total":0.0065870999999999994,"children":null},"AgentSendState":{"count":22496,"self":0.0657277,"total":6.1317404999999994,"children":{"CollectObservations":{"count":2257,"self":0.2878274,"total":0.2878274,"children":null},"WriteActionMask":{"count":2257,"self":0.001995,"total":0.001995,"children":null},"RequestDecision":{"count":2257,"self":0.0029953,"total":5.7761904,"children":{"AgentInfo.ToProto":{"count":2257,"self":0.0059872,"total":5.7731951,"children":{"GenerateSensorData":{"count":2257,"self":5.767208,"total":5.7672079,"children":null}}}}}}},"DecideAction":{"count":22496,"self":3092.9045504,"total":3092.9044572,"children":null},"AgentAct":{"count":22496,"self":0.1333754,"total":0.1333754,"children":null},"AgentInfo.ToProto":{"count":4,"self":0,"total":0.0071287999999999994,"children":{"GenerateSensorData":{"count":4,"self":0.0071287999999999994,"total":0.0071287999999999994,"children":null}}}},"gauges":{},"metadata":{"timer_format_version":"0.1.0","start_time_seconds":"1749219192","unity_version":"2022.3.56f1","command_line_arguments":"C:\\Users\\IDG Room 208\\Documents\\GitHub\\Affectively-Framework\\.\/affectively\/builds\/fps\/Windows\/fps\\fps.exe --mlagents-port 5005 -frameBuffer False -socketID 328f4a7b-41dc-4a36-8c90-1b66a74297f0","communication_protocol_version":"1.5.0","com.unity.ml-agents_version":"2.0.1","scene_name":"FPS-Gym","end_time_seconds":"1749222328"}}