{"count":1,"self":6.0141599999999995,"total":27.717342,"children":{"InitializeActuators":{"count":1,"self":0.0010819999999999998,"total":0.0010819999999999998,"children":null},"InitializeSensors":{"count":1,"self":0.0010919999999999999,"total":0.0010919999999999999,"children":null},"AgentSendState":{"count":11171,"self":0.013541,"total":0.163317,"children":{"CollectObservations":{"count":1120,"self":0.126585,"total":0.126585,"children":null},"WriteActionMask":{"count":1120,"self":0.0011979999999999998,"total":0.0011979999999999998,"children":null},"RequestDecision":{"count":1120,"self":0.003437,"total":0.021993,"children":{"AgentInfo.ToProto":{"count":1120,"self":0.004118,"total":0.018556,"children":{"GenerateSensorData":{"count":1120,"self":0.014438,"total":0.014438,"children":null}}}}}}},"DecideAction":{"count":11171,"self":21.525527999999998,"total":21.525527999999998,"children":null},"AgentAct":{"count":11171,"self":0.010421999999999999,"total":0.010421999999999999,"children":null}},"gauges":{},"metadata":{"timer_format_version":"0.1.0","start_time_seconds":"1748006090","unity_version":"2022.3.56f1","command_line_arguments":"\/Users\/matt-barthet\/Documents\/Affectively-Framework\/.\/affectively\/builds\/Solid\/Mac\/Solid.app\/Contents\/MacOS\/Solid -nographics -batchmode --mlagents-port 5006 -frameBuffer False -socketID ddb08b1d-6737-4082-b381-c4db167e0490","communication_protocol_version":"1.5.0","com.unity.ml-agents_version":"2.0.1","scene_name":"Solid Rally","end_time_seconds":"1748006117"}}