{"count":1,"self":7730.9419519999992,"total":10505.007631999999,"children":{"InitializeActuators":{"count":1,"self":0.002258,"total":0.002258,"children":null},"InitializeSensors":{"count":1,"self":0.0075699999999999995,"total":0.0075699999999999995,"children":null},"AgentSendState":{"count":1863996,"self":9.0756128,"total":159.72984,"children":{"CollectObservations":{"count":186681,"self":46.011833599999996,"total":46.011832999999996,"children":null},"WriteActionMask":{"count":186681,"self":0.31473999999999996,"total":0.31473999999999996,"children":null},"RequestDecision":{"count":186681,"self":0.73105199999999992,"total":104.327654,"children":{"AgentInfo.ToProto":{"count":186681,"self":1.45033,"total":103.59660199999999,"children":{"GenerateSensorData":{"count":186681,"self":102.146272,"total":102.146272,"children":null}}}}}}},"DecideAction":{"count":1863996,"self":2590.555136,"total":2590.555225,"children":null},"AgentAct":{"count":1863996,"self":23.768316799999997,"total":23.768316,"children":null}},"gauges":{},"metadata":{"timer_format_version":"0.1.0","start_time_seconds":"1764175639","unity_version":"2022.3.56f1","command_line_arguments":"\/home\/mbarthet\/Documents\/GitHub\/Affectively-Framework\/.\/affectively\/builds\/fps\/Linux\/fps.x86_64 --mlagents-port 5006 -frameBuffer False -sensitivity 1 -socketID 143ce79a-33fb-49f6-afbe-ea12cec80092 -decisionPeriod 10","communication_protocol_version":"1.5.0","com.unity.ml-agents_version":"2.0.1","scene_name":"FPS-Gym","end_time_seconds":"1764186144"}}