{"count":1,"self":177246.5946624,"total":212340.900107,"children":{"InitializeActuators":{"count":1,"self":0.0026709999999999998,"total":0.0026709999999999998,"children":null},"InitializeSensors":{"count":1,"self":0.007793,"total":0.007793,"children":null},"AgentSendState":{"count":50020487,"self":139.6665344,"total":3217.7492079999997,"children":{"CollectObservations":{"count":5009540,"self":937.54767359999994,"total":937.54771899999992,"children":null},"WriteActionMask":{"count":5009540,"self":6.7699935999999994,"total":6.769994,"children":null},"RequestDecision":{"count":5009540,"self":14.6322656,"total":2133.764955,"children":{"AgentInfo.ToProto":{"count":5009540,"self":25.411808,"total":2119.13269,"children":{"GenerateSensorData":{"count":5009540,"self":2093.7207808,"total":2093.720882,"children":null}}}}}}},"DecideAction":{"count":50020487,"self":31516.1673728,"total":31516.167616,"children":null},"AgentAct":{"count":50020487,"self":360.3742464,"total":360.374239,"children":null}},"gauges":{},"metadata":{"timer_format_version":"0.1.0","start_time_seconds":"1765359147","unity_version":"2022.3.56f1","command_line_arguments":"\/home\/pico8\/Documents\/GitHub\/Affectively-Framework\/.\/affectively\/builds\/fps\/Linux\/fps.x86_64 -nographics -batchmode --mlagents-port 5013 -frameBuffer False -sensitivity 1 -socketID 6c085272-8ede-483b-ad33-0a357dd24b97 -decisionPeriod 10","communication_protocol_version":"1.5.0","com.unity.ml-agents_version":"2.0.1","scene_name":"FPS-Gym","end_time_seconds":"1765571488"}}