game,cluster,classifier,preference,score,baseline,metric
solid,0,True,True,0.6312991718218148,0.48135786797878755,accuracy
solid,1,True,True,0.7186746362676497,0.580425164691168,accuracy
solid,2,True,True,0.6807526559928176,0.6526066137961992,accuracy
solid,3,True,True,0.6207014006791172,0.4002875636672326,accuracy
solid,4,True,True,0.6123205003248863,0.568993738555142,accuracy
fps,0,True,True,0.7222271047876407,0.47932730375394944,accuracy
fps,1,True,True,0.5735271815569009,0.5230320124747753,accuracy
fps,2,True,True,0.713494719677567,0.5239631538557875,accuracy
fps,3,True,True,0.7958787878787879,0.5458701298701298,accuracy
fps,4,True,True,0.747964256919244,0.5582653053382314,accuracy
platform,0,True,True,0.6254956108589921,0.45454690573664464,accuracy
platform,1,True,True,0.6394852803650919,0.4089567201586055,accuracy
platform,2,True,True,0.6178937692489932,0.5421337755666114,accuracy
platform,3,True,True,0.6188680290442837,0.5200203025228631,accuracy
platform,4,True,True,0.5814906021424612,0.48076647693740887,accuracy
