game,cluster,classifier,preference,score,baseline,metric
solid,0,False,True,0.13177876566832403,7.083978880845562e-34,ccc
solid,1,False,True,0.13193062134227299,3.516731898347996e-33,ccc
solid,2,False,True,0.10492390941974576,-2.3332504489479807e-34,ccc
solid,3,False,True,0.08964977601889744,2.5832243615578903e-33,ccc
solid,4,False,True,0.031025910595789685,-9.443842659068353e-33,ccc
fps,0,False,True,0.13731433446530547,1.455054700227565e-34,ccc
fps,1,False,True,0.10713017636653681,6.211322873744677e-33,ccc
fps,2,False,True,0.11738962134373761,-6.691883713656913e-33,ccc
fps,3,False,True,0.2944975016784878,2.9168453039733447e-33,ccc
fps,4,False,True,0.32903363061898333,-8.02284074819391e-33,ccc
platform,0,False,True,0.1262363656744872,3.0412857577504087e-34,ccc
platform,1,False,True,0.004917543223736808,-6.928255157539601e-34,ccc
platform,2,False,True,0.07761578588851317,4.776675731436222e-34,ccc
platform,3,False,True,0.09790835432982185,-1.0835036938997777e-33,ccc
platform,4,False,True,0.0054318228091276306,-7.157797905879483e-33,ccc
