{"count":1,"self":4262.7321856,"total":14272.451729999999,"children":{"InitializeActuators":{"count":1,"self":0.0015034,"total":0.0015034,"children":null},"InitializeSensors":{"count":1,"self":0.0020085999999999997,"total":0.0020085999999999997,"children":null},"AgentSendState":{"count":10708441,"self":19.5951296,"total":196.5865743,"children":{"CollectObservations":{"count":1070845,"self":152.5456256,"total":152.5456247,"children":null},"WriteActionMask":{"count":1070845,"self":1.1054773,"total":1.1054773,"children":null},"RequestDecision":{"count":1070845,"self":4.4691887999999995,"total":23.340342699999997,"children":{"AgentInfo.ToProto":{"count":1070845,"self":5.0580283999999995,"total":18.8711538,"children":{"GenerateSensorData":{"count":1070845,"self":13.813124799999999,"total":13.8131253,"children":null}}}}}}},"DecideAction":{"count":10708441,"self":9794.369126399999,"total":9794.3691304,"children":null},"AgentAct":{"count":10708441,"self":18.7566496,"total":18.7566502,"children":null}},"gauges":{},"metadata":{"timer_format_version":"0.1.0","start_time_seconds":"1770640844","unity_version":"2022.3.62f3","command_line_arguments":"C:\\Users\\IDG Room 208\\Documents\\GitHub\\Affectively-Framework\\.\/affectively\/builds\/solid\/Windows\/solid.exe -nographics -batchmode --mlagents-port 5012 -frameBuffer False -socketID 2fdf085d-04e4-475c-90f0-1ff7b38e4eef -decisionPeriod 10","communication_protocol_version":"1.5.0","com.unity.ml-agents_version":"2.0.1","scene_name":"Gym Solid Rally","end_time_seconds":"1770655116"}}