{"count":1,"self":56404.115456,"total":190917.70863379998,"children":{"InitializeActuators":{"count":1,"self":0.0010481,"total":0.0010481,"children":null},"InitializeSensors":{"count":1,"self":0.000998,"total":0.000998,"children":null},"AgentSendState":{"count":100929184,"self":250.3954432,"total":2480.4159924,"children":{"CollectObservations":{"count":10108032,"self":1933.4719487999998,"total":1933.4719424,"children":null},"WriteActionMask":{"count":10108032,"self":11.8151648,"total":11.8151651,"children":null},"RequestDecision":{"count":10108032,"self":29.014569599999998,"total":284.73345359999996,"children":{"AgentInfo.ToProto":{"count":10108032,"self":57.470431999999995,"total":255.7188841,"children":{"GenerateSensorData":{"count":10108032,"self":198.248448,"total":198.24845019999998,"children":null}}}}}}},"DecideAction":{"count":100929184,"self":131877.5291904,"total":131877.5324718,"children":null},"AgentAct":{"count":100929184,"self":155.6370944,"total":155.6370968,"children":null}},"gauges":{},"metadata":{"timer_format_version":"0.1.0","start_time_seconds":"1766849097","unity_version":"2022.3.56f1","command_line_arguments":"C:\\Users\\IDG Room 208\\Documents\\GitHub\\Affectively-Framework\\.\/affectively\/builds\/solid\/Windows\/solid.exe -nographics -batchmode --mlagents-port 5005 -frameBuffer False -socketID c8c7b8f4-9ce4-42b0-8f8f-f3c304f07b45 -decisionPeriod 10","communication_protocol_version":"1.5.0","com.unity.ml-agents_version":"2.0.1","scene_name":"Gym Solid Rally","end_time_seconds":"1767040015"}}