{"count":1,"self":36175.7376512,"total":85802.0453116,"children":{"InitializeActuators":{"count":1,"self":0.00099969999999999985,"total":0.00099969999999999985,"children":null},"InitializeSensors":{"count":1,"self":0.0020001999999999997,"total":0.0020001999999999997,"children":null},"AgentSendState":{"count":109204035,"self":183.3953664,"total":1670.0903624,"children":{"CollectObservations":{"count":10920405,"self":1290.1971968,"total":1290.1972302,"children":null},"WriteActionMask":{"count":10920405,"self":9.34704,"total":9.34704,"children":null},"RequestDecision":{"count":10920405,"self":21.7783808,"total":187.1507217,"children":{"AgentInfo.ToProto":{"count":10920405,"self":43.4446016,"total":165.3723401,"children":{"GenerateSensorData":{"count":10920405,"self":121.92774399999999,"total":121.92773989999999,"children":null}}}}}}},"DecideAction":{"count":109204035,"self":47557.1879936,"total":47557.189104799996,"children":null},"AgentAct":{"count":109204035,"self":399.019776,"total":399.0197763,"children":null}},"gauges":{},"metadata":{"timer_format_version":"0.1.0","start_time_seconds":"1771831364","unity_version":"2022.3.62f3","command_line_arguments":"C:\\Users\\IDG Room 208\\Documents\\GitHub\\Affectively-Framework\\.\/affectively\/builds\/solid\/Windows\/solid.exe -nographics -batchmode --mlagents-port 5017 -frameBuffer False -socketID 909285e2-fd65-47b8-b34a-e795cdcd1267 -decisionPeriod 10","communication_protocol_version":"1.5.0","com.unity.ml-agents_version":"2.0.1","scene_name":"Gym Solid Rally","end_time_seconds":"1771917166"}}