{"count":1,"self":37832.6351872,"total":394230.676009,"children":{"InitializeActuators":{"count":1,"self":0.0009998,"total":0.0009998,"children":null},"InitializeSensors":{"count":1,"self":0.0009998,"total":0.0009998,"children":null},"AgentSendState":{"count":102664674,"self":228.2448384,"total":1759.3707491999999,"children":{"CollectObservations":{"count":10266469,"self":1350.9235712,"total":1350.9235801999998,"children":null},"WriteActionMask":{"count":10266469,"self":8.8521368,"total":8.8521371,"children":null},"RequestDecision":{"count":10266469,"self":19.3307744,"total":171.35020179999998,"children":{"AgentInfo.ToProto":{"count":10266469,"self":37.5009728,"total":152.01942789999998,"children":{"GenerateSensorData":{"count":10266469,"self":114.5184512,"total":114.51845639999999,"children":null}}}}}}},"DecideAction":{"count":102664674,"self":354427.338752,"total":354427.3375857,"children":null},"AgentAct":{"count":102664674,"self":211.3254656,"total":211.3254651,"children":null}},"gauges":{},"metadata":{"timer_format_version":"0.1.0","start_time_seconds":"1773608224","unity_version":"2022.3.62f3","command_line_arguments":"Z:\\affectively-framework\\.\/affectively\/builds\/solid\/Windows\/solid.exe -nographics -batchmode --mlagents-port 5041 -frameBuffer False -socketID 574174ca-bde4-4ba2-939a-f82a6419ece3 -decisionPeriod 10","communication_protocol_version":"1.5.0","com.unity.ml-agents_version":"2.0.1","scene_name":"Gym Solid Rally","end_time_seconds":"1774002455"}}