{"count":1,"self":33641.5195136,"total":521360.88254099997,"children":{"InitializeActuators":{"count":1,"self":0.0009999,"total":0.0009999,"children":null},"InitializeSensors":{"count":1,"self":0.0020003,"total":0.0020003,"children":null},"AgentSendState":{"count":100016674,"self":134.4849664,"total":1377.0962135,"children":{"CollectObservations":{"count":10016669,"self":1098.7369472,"total":1098.7369231,"children":null},"WriteActionMask":{"count":10016669,"self":5.7954352,"total":5.7954352999999994,"children":null},"RequestDecision":{"count":10016669,"self":11.8413656,"total":138.07888979999998,"children":{"AgentInfo.ToProto":{"count":10016669,"self":24.8892976,"total":126.23752429999999,"children":{"GenerateSensorData":{"count":10016669,"self":101.348224,"total":101.3482262,"children":null}}}}}}},"DecideAction":{"count":100016674,"self":485618.98127359996,"total":485618.97496659996,"children":null},"AgentAct":{"count":100016674,"self":723.2762368,"total":723.276248,"children":null}},"gauges":{},"metadata":{"timer_format_version":"0.1.0","start_time_seconds":"1774097355","unity_version":"2022.3.62f3","command_line_arguments":"Z:\\affectively-framework\\.\/affectively\/builds\/solid\/Windows\/solid.exe -nographics -batchmode --mlagents-port 5033 -frameBuffer False -socketID 38b3729e-c1ec-44c6-b078-335e5c1a4a0d -decisionPeriod 10","communication_protocol_version":"1.5.0","com.unity.ml-agents_version":"2.0.1","scene_name":"Gym Solid Rally","end_time_seconds":"1774618715"}}