{"count":1,"self":28.5475456,"total":81.0392628,"children":{"InitializeActuators":{"count":1,"self":0.0020017999999999998,"total":0.0020017999999999998,"children":null},"InitializeSensors":{"count":1,"self":0.0025031,"total":0.0025031,"children":null},"AgentSendState":{"count":37381,"self":0.1141681,"total":0.8393004,"children":{"CollectObservations":{"count":3746,"self":0.61728929999999993,"total":0.61728929999999993,"children":null},"WriteActionMask":{"count":3746,"self":0.0010019999999999999,"total":0.0010019999999999999,"children":null},"RequestDecision":{"count":3746,"self":0.0125346,"total":0.10684099999999999,"children":{"AgentInfo.ToProto":{"count":3746,"self":0.0237589,"total":0.0943064,"children":{"GenerateSensorData":{"count":3746,"self":0.0705475,"total":0.0705475,"children":null}}}}}}},"DecideAction":{"count":37381,"self":50.8333984,"total":50.8333997,"children":null},"AgentAct":{"count":37381,"self":0.81099559999999993,"total":0.81099559999999993,"children":null}},"gauges":{},"metadata":{"timer_format_version":"0.1.0","start_time_seconds":"1772918384","unity_version":"2022.3.62f3","command_line_arguments":"C:\\Users\\IDG Room 208\\Documents\\GitHub\\Affectively-Framework\\.\/affectively\/builds\/solid\/Windows\/solid.exe -nographics -batchmode --mlagents-port 5005 -frameBuffer False -socketID 61e0bbb2-d0c0-4e48-bf30-e264b6671e12 -decisionPeriod 10","communication_protocol_version":"1.5.0","com.unity.ml-agents_version":"2.0.1","scene_name":"Gym Solid Rally","end_time_seconds":"1772918465"}}