{"count":1,"self":17539.9518208,"total":26880.141946699998,"children":{"InitializeActuators":{"count":1,"self":0.0015067,"total":0.0015067,"children":null},"InitializeSensors":{"count":1,"self":0.0015141999999999998,"total":0.0015141999999999998,"children":null},"AgentSendState":{"count":32139352,"self":99.7112832,"total":687.6133946,"children":{"CollectObservations":{"count":3214299,"self":497.363456,"total":497.363474,"children":null},"WriteActionMask":{"count":3214299,"self":4.3172748,"total":4.3172747,"children":null},"RequestDecision":{"count":3214299,"self":11.6909456,"total":86.2213598,"children":{"AgentInfo.ToProto":{"count":3214299,"self":20.334739199999998,"total":74.5304141,"children":{"GenerateSensorData":{"count":3214299,"self":54.1956736,"total":54.1956743,"children":null}}}}}}},"DecideAction":{"count":32139352,"self":8550.7039231999988,"total":8550.7036245,"children":null},"AgentAct":{"count":32139352,"self":101.8668416,"total":101.86684199999999,"children":null}},"gauges":{},"metadata":{"timer_format_version":"0.1.0","start_time_seconds":"1775028219","unity_version":"2022.3.62f3","command_line_arguments":"C:\\Users\\IDG Room 208\\Documents\\GitHub\\Affectively-Framework\\.\/affectively\/builds\/solid\/Windows\/solid.exe --mlagents-port 5008 -relativeObs True -frameBuffer False -socketID 71323d58-eef7-4ca5-ba67-550cdfb5c461 -decisionPeriod 10","communication_protocol_version":"1.5.0","com.unity.ml-agents_version":"2.0.1","scene_name":"Gym Solid Rally","end_time_seconds":"1775055099"}}