{"count":1,"self":42255.282995199996,"total":147780.1868773,"children":{"InitializeActuators":{"count":1,"self":0.0010134999999999999,"total":0.0010134999999999999,"children":null},"InitializeSensors":{"count":1,"self":0.0015304,"total":0.0015304,"children":null},"AgentSendState":{"count":100020484,"self":181.63946239999999,"total":1662.1669411,"children":{"CollectObservations":{"count":10017026,"self":1262.0436479999998,"total":1262.0436746,"children":null},"WriteActionMask":{"count":10017026,"self":8.2263647999999989,"total":8.2263650999999989,"children":null},"RequestDecision":{"count":10017026,"self":20.2888368,"total":210.25743549999999,"children":{"AgentInfo.ToProto":{"count":10017026,"self":41.9606912,"total":189.9685992,"children":{"GenerateSensorData":{"count":10017026,"self":148.0079104,"total":148.0079067,"children":null}}}}}}},"DecideAction":{"count":100020484,"self":103760.22589439999,"total":103760.2282476,"children":null},"AgentAct":{"count":100020484,"self":102.49806079999999,"total":102.4980607,"children":null}},"gauges":{},"metadata":{"timer_format_version":"0.1.0","start_time_seconds":"1769451852","unity_version":"2022.3.56f1","command_line_arguments":"C:\\Users\\IDG Room 208\\Documents\\GitHub\\Affectively-Framework\\.\/affectively\/builds\/solid\/Windows\/solid.exe -nographics -batchmode --mlagents-port 5023 -frameBuffer False -socketID 4a292b94-66f9-4aaa-838b-c805d2c32ab1 -decisionPeriod 10","communication_protocol_version":"1.5.0","com.unity.ml-agents_version":"2.0.1","scene_name":"Gym Solid Rally","end_time_seconds":"1769599631"}}