{"count":1,"self":48178.823167999995,"total":326862.6385926,"children":{"InitializeActuators":{"count":1,"self":0.0009995,"total":0.0009995,"children":null},"InitializeSensors":{"count":1,"self":0.0010049,"total":0.0010049,"children":null},"AgentSendState":{"count":102774614,"self":277.6512768,"total":2171.5777635,"children":{"CollectObservations":{"count":10277463,"self":1656.7109632,"total":1656.710997,"children":null},"WriteActionMask":{"count":10277463,"self":11.076331999999999,"total":11.0763319,"children":null},"RequestDecision":{"count":10277463,"self":25.5752864,"total":226.1391557,"children":{"AgentInfo.ToProto":{"count":10277463,"self":48.8601184,"total":200.5638697,"children":{"GenerateSensorData":{"count":10277463,"self":151.70375679999998,"total":151.70375099999998,"children":null}}}}}}},"DecideAction":{"count":102774614,"self":276241.8946048,"total":276241.9048053,"children":null},"AgentAct":{"count":102774614,"self":270.3075072,"total":270.3074972,"children":null}},"gauges":{},"metadata":{"timer_format_version":"0.1.0","start_time_seconds":"1771590401","unity_version":"2022.3.62f3","command_line_arguments":"Z:\\affectively-framework\\.\/affectively\/builds\/solid\/Windows\/solid.exe -nographics -batchmode --mlagents-port 5011 -frameBuffer False -socketID c221c5ff-72b5-4cde-a304-d6c3e06e36a5 -decisionPeriod 10","communication_protocol_version":"1.5.0","com.unity.ml-agents_version":"2.0.1","scene_name":"Gym Solid Rally","end_time_seconds":"1771917262"}}