{"count":1,"self":69.6840256,"total":169.5549361,"children":{"InitializeActuators":{"count":1,"self":0.0020009999999999997,"total":0.0020009999999999997,"children":null},"InitializeSensors":{"count":1,"self":0.0020017999999999998,"total":0.0020017999999999998,"children":null},"AgentSendState":{"count":109561,"self":0.4665295,"total":3.4236785999999997,"children":{"CollectObservations":{"count":10975,"self":2.5637732,"total":2.5637732,"children":null},"WriteActionMask":{"count":10975,"self":0.0230246,"total":0.0230246,"children":null},"RequestDecision":{"count":10975,"self":0.046051299999999996,"total":0.3703513,"children":{"AgentInfo.ToProto":{"count":10975,"self":0.0680597,"total":0.3243,"children":{"GenerateSensorData":{"count":10975,"self":0.2562403,"total":0.2562403,"children":null}}}}}}},"DecideAction":{"count":109561,"self":96.2020096,"total":96.202011599999992,"children":null},"AgentAct":{"count":109561,"self":0.2382146,"total":0.2382146,"children":null}},"gauges":{},"metadata":{"timer_format_version":"0.1.0","start_time_seconds":"1756136580","unity_version":"2022.3.56f1","command_line_arguments":"D:\\Affectively-Framework\\.\/affectively\/builds\/Solid\/Windows\/Solid.exe -nographics -batchmode --mlagents-port 5006 -frameBuffer False -socketID 3ebdcd95-3e64-40f1-8737-08aa07699983","communication_protocol_version":"1.5.0","com.unity.ml-agents_version":"2.0.1","scene_name":"Solid Rally","end_time_seconds":"1756136749"}}