{"count":1,"self":25.4466592,"total":61.704679999999996,"children":{"InitializeActuators":{"count":1,"self":0.0020147999999999998,"total":0.0020147999999999998,"children":null},"InitializeSensors":{"count":1,"self":0.0020028,"total":0.0020028,"children":null},"AgentSendState":{"count":43371,"self":0.1496976,"total":1.1349369,"children":{"CollectObservations":{"count":4346,"self":0.85561729999999991,"total":0.85561729999999991,"children":null},"WriteActionMask":{"count":4346,"self":0.0010011,"total":0.0010011,"children":null},"RequestDecision":{"count":4346,"self":0.0164624,"total":0.12862089999999998,"children":{"AgentInfo.ToProto":{"count":4346,"self":0.0210139,"total":0.1121585,"children":{"GenerateSensorData":{"count":4346,"self":0.091144599999999992,"total":0.091144599999999992,"children":null}}}}}}},"DecideAction":{"count":43371,"self":35.0382016,"total":35.0382023,"children":null},"AgentAct":{"count":43371,"self":0.0778615,"total":0.0778615,"children":null}},"gauges":{},"metadata":{"timer_format_version":"0.1.0","start_time_seconds":"1756117457","unity_version":"2022.3.56f1","command_line_arguments":"D:\\Affectively-Framework\\.\/affectively\/builds\/Solid\/Windows\/Solid.exe -nographics -batchmode --mlagents-port 5005 -frameBuffer False -socketID 56fd5ce3-30de-4a90-a331-8913bf826e15","communication_protocol_version":"1.5.0","com.unity.ml-agents_version":"2.0.1","scene_name":"Solid Rally","end_time_seconds":"1756117518"}}