{"count":1,"self":71701.141913599989,"total":85054.9559118,"children":{"InitializeActuators":{"count":4676,"self":0.059657499999999995,"total":0.059657499999999995,"children":null},"InitializeSensors":{"count":4676,"self":0.1688683,"total":0.1688683,"children":null},"AgentSendState":{"count":28104926,"self":109.611136,"total":2618.2151571,"children":{"CollectObservations":{"count":2823630,"self":367.5409152,"total":367.54092449999996,"children":null},"WriteActionMask":{"count":2816075,"self":3.3807848,"total":3.380785,"children":null},"RequestDecision":{"count":2816075,"self":11.064758399999999,"total":2137.6823131,"children":{"AgentInfo.ToProto":{"count":2816075,"self":19.3726272,"total":2126.617555,"children":{"GenerateSensorData":{"count":2816075,"self":2107.2449536,"total":2107.2449277,"children":null}}}}}}},"DecideAction":{"count":28097371,"self":10512.534732799999,"total":10512.5350495,"children":null},"AgentAct":{"count":28097371,"self":221.62037759999998,"total":221.62037909999998,"children":null},"AgentInfo.ToProto":{"count":2347,"self":0.022614199999999997,"total":1.2113542,"children":{"GenerateSensorData":{"count":2347,"self":1.18874,"total":1.18874,"children":null}}}},"gauges":{},"metadata":{"timer_format_version":"0.1.0","start_time_seconds":"1732538534","unity_version":"2022.3.3f1","command_line_arguments":"C:\\Users\\mbart\\Desktop\\Affectively-Environments\\examples\\..\/Builds\/MS_Heist\/Top-Down Shooter.exe --mlagents-port 5005 -agentGridWidth 9 -agentGridHeight 9 -cellSize 0.5 -socketID 08341957-0b14-4042-bebf-a129b388b188","communication_protocol_version":"1.5.0","com.unity.ml-agents_version":"2.0.1","scene_name":"FPS-Gym","end_time_seconds":"1732623589"}}