{"count":1,"self":5.7925096,"total":8.6158208,"children":{"InitializeActuators":{"count":1,"self":0.0020312999999999998,"total":0.0020312999999999998,"children":null},"InitializeSensors":{"count":1,"self":0.0005367,"total":0.0005367,"children":null},"AgentSendState":{"count":10871,"self":0.020216599999999998,"total":0.19034299999999998,"children":{"CollectObservations":{"count":1088,"self":0.13388619999999998,"total":0.13388619999999998,"children":null},"WriteActionMask":{"count":1088,"self":0.0010341999999999999,"total":0.0010341999999999999,"children":null},"RequestDecision":{"count":1088,"self":0.0054248,"total":0.035206,"children":{"AgentInfo.ToProto":{"count":1088,"self":0.0046247,"total":0.029781199999999997,"children":{"GenerateSensorData":{"count":1088,"self":0.0251565,"total":0.0251565,"children":null}}}}}}},"DecideAction":{"count":10871,"self":2.618798,"total":2.6187981,"children":null},"AgentAct":{"count":10871,"self":0.0096055999999999989,"total":0.0096055999999999989,"children":null}},"gauges":{},"metadata":{"timer_format_version":"0.1.0","start_time_seconds":"1730121535","unity_version":"2022.3.3f1","command_line_arguments":"C:\\Users\\mbart\\Desktop\\Affectively-Environments\\examples\\..\/Builds\/MS_Solid\/Racing.exe --mlagents-port 5006 -frameBuffer False -socketID 2bfe5de9-3609-400c-a0e9-bdb865b4a8da","communication_protocol_version":"1.5.0","com.unity.ml-agents_version":"2.0.1","scene_name":"Solid Rally","end_time_seconds":"1730121543"}}