{"count":1,"self":20253.1733504,"total":75859.697225999989,"children":{"InitializeActuators":{"count":1,"self":0.0010372,"total":0.0010372,"children":null},"InitializeSensors":{"count":1,"self":0.0076774999999999994,"total":0.0076774999999999994,"children":null},"AgentSendState":{"count":40695652,"self":69.6872832,"total":9958.9272604,"children":{"CollectObservations":{"count":4075660,"self":422.7990784,"total":422.79909069999997,"children":null},"WriteActionMask":{"count":4075660,"self":3.484766,"total":3.4847661,"children":null},"RequestDecision":{"count":4075660,"self":8.237022399999999,"total":9462.9561229,"children":{"AgentInfo.ToProto":{"count":4075660,"self":20.732270399999997,"total":9454.7191005,"children":{"GenerateSensorData":{"count":4075660,"self":249.87392,"total":9433.9868293999989,"children":{"RenderTextureSensor.GetCompressedObservation":{"count":4075660,"self":9184.11264,"total":9184.1129059,"children":null}}}}}}}}},"DecideAction":{"count":40695652,"self":45412.3651072,"total":45412.364528499995,"children":null},"AgentAct":{"count":40695652,"self":235.2221952,"total":235.22218579999998,"children":null}},"gauges":{},"metadata":{"timer_format_version":"0.1.0","start_time_seconds":"1733407268","unity_version":"2022.3.3f1","command_line_arguments":"C:\\Users\\mbart\\Desktop\\Affectively-Environments\\examples\\..\/Builds\/MS_Solid\/Racing.exe --mlagents-port 5007 -bufferWidth 128 -bufferHeight 96 -useGrayscale False -frameBuffer True -socketID 3b4b1639-d410-4f29-81e4-5dfce589ff16","communication_protocol_version":"1.5.0","com.unity.ml-agents_version":"2.0.1","scene_name":"Solid Rally","end_time_seconds":"1733483127"}}