{"count":1,"self":123.43947519999999,"total":180.6701931,"children":{"InitializeActuators":{"count":1,"self":0.0015438,"total":0.0015438,"children":null},"InitializeSensors":{"count":1,"self":0.0012251,"total":0.0012251,"children":null},"AgentSendState":{"count":267381,"self":0.384897,"total":3.4081520999999997,"children":{"CollectObservations":{"count":27937,"self":2.5479781999999997,"total":2.5479781999999997,"children":null},"WriteActionMask":{"count":27937,"self":0.0245529,"total":0.0245529,"children":null},"RequestDecision":{"count":27937,"self":0.0458538,"total":0.45072399999999996,"children":{"AgentInfo.ToProto":{"count":27937,"self":0.10924339999999999,"total":0.40487019999999996,"children":{"GenerateSensorData":{"count":27937,"self":0.29562679999999997,"total":0.29562679999999997,"children":null}}}}}}},"DecideAction":{"count":267381,"self":53.6053952,"total":53.605396299999995,"children":null},"AgentAct":{"count":267381,"self":0.21340089999999998,"total":0.21340089999999998,"children":null}},"gauges":{},"metadata":{"timer_format_version":"0.1.0","start_time_seconds":"1730298346","unity_version":"2022.3.3f1","command_line_arguments":"C:\\Users\\mbart\\Desktop\\Affectively-Environments\\examples\\..\/Builds\/MS_Solid\/Racing.exe --mlagents-port 5010 -frameBuffer False -socketID a5d38d1e-6c64-42e9-93cb-2081e8f34ab7","communication_protocol_version":"1.5.0","com.unity.ml-agents_version":"2.0.1","scene_name":"Solid Rally","end_time_seconds":"1730298526"}}