{"count":1,"self":39.110479999999995,"total":58.280865,"children":{"InitializeActuators":{"count":5,"self":0.001041,"total":0.001041,"children":null},"InitializeSensors":{"count":5,"self":0.001598,"total":0.001598,"children":null},"AgentSendState":{"count":19111,"self":0.05652,"total":5.351277,"children":{"CollectObservations":{"count":1931,"self":0.24287999999999998,"total":0.24287999999999998,"children":null},"WriteActionMask":{"count":1917,"self":0.0017569999999999999,"total":0.0017569999999999999,"children":null},"RequestDecision":{"count":1917,"self":0.0070399999999999994,"total":5.05012,"children":{"AgentInfo.ToProto":{"count":1917,"self":0.014608999999999999,"total":5.04308,"children":{"GenerateSensorData":{"count":1917,"self":5.0284711999999994,"total":5.028471,"children":null}}}}}}},"DecideAction":{"count":19097,"self":13.7134272,"total":13.713427999999999,"children":null},"AgentAct":{"count":19097,"self":0.10078999999999999,"total":0.10078999999999999,"children":null},"AgentInfo.ToProto":{"count":2,"self":2.9999999999999997E-05,"total":0.00075999999999999993,"children":{"GenerateSensorData":{"count":2,"self":0.00073,"total":0.00073,"children":null}}}},"gauges":{},"metadata":{"timer_format_version":"0.1.0","start_time_seconds":"1746635608","unity_version":"2022.3.56f1","command_line_arguments":"\/Users\/matt-barthet\/Documents\/Affectively-Framework\/.\/affectively\/builds\/fps\/Mac\/fps.app\/Contents\/MacOS\/fps -nographics -batchmode --mlagents-port 5007 -frameBuffer False -socketID be7f40f0-94c7-4d27-ae33-97632de191b7","communication_protocol_version":"1.5.0","com.unity.ml-agents_version":"2.0.1","scene_name":"FPS-Gym","end_time_seconds":"1746635666"}}