{"count":1,"self":9.1189904,"total":16.624184,"children":{"InitializeActuators":{"count":2,"self":0.00096999999999999994,"total":0.00096999999999999994,"children":null},"InitializeSensors":{"count":2,"self":0.0016879999999999998,"total":0.0016879999999999998,"children":null},"AgentSendState":{"count":2216,"self":0.009852,"total":0.974958,"children":{"CollectObservations":{"count":234,"self":0.043304999999999996,"total":0.043304999999999996,"children":null},"WriteActionMask":{"count":224,"self":0.000377,"total":0.000377,"children":null},"RequestDecision":{"count":224,"self":0.002205,"total":0.92142399999999991,"children":{"AgentInfo.ToProto":{"count":224,"self":0.002544,"total":0.919219,"children":{"GenerateSensorData":{"count":224,"self":0.91667499999999991,"total":0.91667499999999991,"children":null}}}}}}},"DecideAction":{"count":2206,"self":6.5081088,"total":6.508109,"children":null},"AgentAct":{"count":2206,"self":0.01714,"total":0.01714,"children":null},"AgentInfo.ToProto":{"count":1,"self":1.9999999999999998E-05,"total":0.00054099999999999992,"children":{"GenerateSensorData":{"count":1,"self":0.000521,"total":0.000521,"children":null}}}},"gauges":{},"metadata":{"timer_format_version":"0.1.0","start_time_seconds":"1746633320","unity_version":"2022.3.56f1","command_line_arguments":"\/Users\/matt-barthet\/Documents\/Affectively-Framework\/.\/affectively\/builds\/fps\/Mac\/fps.app\/Contents\/MacOS\/fps --mlagents-port 5010 -frameBuffer False -socketID 3e1f7586-e076-4b09-8b5c-cd7861198ba4","communication_protocol_version":"1.5.0","com.unity.ml-agents_version":"2.0.1","scene_name":"FPS-Gym","end_time_seconds":"1746633336"}}