{"count":1,"self":8575.4322944,"total":11639.1416884,"children":{"InitializeActuators":{"count":1310,"self":0.0276566,"total":0.0276566,"children":null},"InitializeSensors":{"count":1310,"self":0.06862109999999999,"total":0.06862109999999999,"children":null},"AgentSendState":{"count":4029701,"self":16.7337664,"total":243.88954909999998,"children":{"CollectObservations":{"count":403940,"self":75.1151872,"total":75.1151853,"children":null},"WriteActionMask":{"count":403940,"self":0.5252718,"total":0.5252718,"children":null},"RequestDecision":{"count":403940,"self":1.6264961999999998,"total":151.5153258,"children":{"AgentInfo.ToProto":{"count":403940,"self":2.6569596,"total":149.88882959999998,"children":{"GenerateSensorData":{"count":403940,"self":147.23187199999998,"total":147.2318699,"children":null}}}}}}},"DecideAction":{"count":4029701,"self":2781.4653952,"total":2781.4652977,"children":null},"AgentAct":{"count":4029701,"self":38.075603199999996,"total":38.0756045,"children":null},"AgentInfo.ToProto":{"count":658,"self":0.0084339999999999988,"total":0.1795107,"children":{"GenerateSensorData":{"count":658,"self":0.1710767,"total":0.1710767,"children":null}}}},"gauges":{},"metadata":{"timer_format_version":"0.1.0","start_time_seconds":"1764248523","unity_version":"2022.3.56f1","command_line_arguments":"C:\\Users\\IDG Room 208\\Documents\\GitHub\\Affectively-Framework\\.\/affectively\/builds\/fps\/Windows\/fps.exe -nographics -batchmode --mlagents-port 5005 -frameBuffer False -sensitivity 1 -socketID c27a842a-71b8-4d1a-a2d7-de4a3f7aa14d -decisionPeriod 10","communication_protocol_version":"1.5.0","com.unity.ml-agents_version":"2.0.1","scene_name":"FPS-Gym","end_time_seconds":"1764260162"}}