{"count":1,"self":29446.1308928,"total":40026.7967451,"children":{"InitializeActuators":{"count":6015,"self":0.0777313,"total":0.0777313,"children":null},"InitializeSensors":{"count":6015,"self":0.1885007,"total":0.1885007,"children":null},"AgentSendState":{"count":18775131,"self":37.6435648,"total":879.3308618,"children":{"CollectObservations":{"count":1881983,"self":242.9409536,"total":242.9409418,"children":null},"WriteActionMask":{"count":1881983,"self":1.5643243999999998,"total":1.5643243999999998,"children":null},"RequestDecision":{"count":1881983,"self":5.2150444,"total":597.1820299,"children":{"AgentInfo.ToProto":{"count":1881983,"self":9.1493488,"total":591.9669854,"children":{"GenerateSensorData":{"count":1881983,"self":582.8176384,"total":582.81763619999992,"children":null}}}}}}},"DecideAction":{"count":18775131,"self":9612.269977599999,"total":9612.2703281,"children":null},"AgentAct":{"count":18775131,"self":88.177247999999992,"total":88.177245599999992,"children":null},"AgentInfo.ToProto":{"count":2982,"self":0.019648,"total":0.6176117,"children":{"GenerateSensorData":{"count":2982,"self":0.5979637,"total":0.5979637,"children":null}}}},"gauges":{},"metadata":{"timer_format_version":"0.1.0","start_time_seconds":"1764190174","unity_version":"2022.3.56f1","command_line_arguments":"C:\\Users\\IDG Room 208\\Documents\\GitHub\\Affectively-Framework\\.\/affectively\/builds\/fps\/Windows\/fps.exe -nographics -batchmode --mlagents-port 5006 -frameBuffer False -sensitivity 1 -socketID 77ef5d8d-9de4-474f-a95a-156c9f63482e -decisionPeriod 10","communication_protocol_version":"1.5.0","com.unity.ml-agents_version":"2.0.1","scene_name":"FPS-Gym","end_time_seconds":"1764230201"}}