{"count":1,"self":481.80930559999996,"total":616.74077449999993,"children":{"InitializeActuators":{"count":1,"self":0.0015949,"total":0.0015949,"children":null},"InitializeSensors":{"count":1,"self":0.0021292999999999998,"total":0.0021292999999999998,"children":null},"AgentSendState":{"count":224546,"self":0.562744,"total":10.4087769,"children":{"CollectObservations":{"count":22456,"self":3.1528308,"total":3.1528308999999997,"children":null},"WriteActionMask":{"count":22456,"self":0.026038199999999997,"total":0.026038199999999997,"children":null},"RequestDecision":{"count":22456,"self":0.1046864,"total":6.6671638,"children":{"AgentInfo.ToProto":{"count":22456,"self":0.080599499999999991,"total":6.5624774,"children":{"GenerateSensorData":{"count":22456,"self":6.481878,"total":6.4818779,"children":null}}}}}}},"DecideAction":{"count":224546,"self":94.376556799999989,"total":94.376556999999991,"children":null},"AgentAct":{"count":224546,"self":30.1413792,"total":30.1413789,"children":null}},"gauges":{},"metadata":{"timer_format_version":"0.1.0","start_time_seconds":"1770919667","unity_version":"2022.3.62f3","command_line_arguments":"C:\\Users\\IDG Room 208\\Documents\\GitHub\\Affectively-Framework\\.\/affectively\/builds\/fps\/Windows\/fps.exe -nographics -batchmode --mlagents-port 5005 -frameBuffer False -sensitivity 1 -socketID cd4575ac-71ac-4d12-af77-23dde3c091f8 -decisionPeriod 10","communication_protocol_version":"1.5.0","com.unity.ml-agents_version":"2.0.1","scene_name":"FPS-Gym","end_time_seconds":"1770920284"}}