{"count":1,"self":13.0275056,"total":19.531098999999998,"children":{"InitializeActuators":{"count":1,"self":0.0023363999999999998,"total":0.0023363999999999998,"children":null},"InitializeSensors":{"count":1,"self":0.0029188,"total":0.0029188,"children":null},"AgentSendState":{"count":4313,"self":0.13715549999999999,"total":0.70328439999999992,"children":{"CollectObservations":{"count":434,"self":0.0113856,"total":0.0113856,"children":null},"WriteActionMask":{"count":434,"self":0.009405199999999999,"total":0.009405199999999999,"children":null},"RequestDecision":{"count":434,"self":0.038302699999999995,"total":0.54533809999999994,"children":{"AgentInfo.ToProto":{"count":434,"self":0.0219321,"total":0.5070354,"children":{"GenerateSensorData":{"count":434,"self":0.48510329999999996,"total":0.48510329999999996,"children":null}}}}}}},"DecideAction":{"count":4313,"self":5.6710519999999995,"total":5.6710522,"children":null},"AgentAct":{"count":4313,"self":0.1228204,"total":0.1228204,"children":null}},"gauges":{},"metadata":{"timer_format_version":"0.1.0","start_time_seconds":"1731850387","unity_version":"2022.3.3f1","command_line_arguments":"C:\\Users\\mbart\\Desktop\\Affectively-Environments\\examples\\..\/Builds\/MS_Pirates\/platform.exe --mlagents-port 5006 -gridWidth 11 -gridHeight 11 -elementSize 1 -socketID 4bd564d8-32a5-42f5-80d3-c7dd25e382d2","communication_protocol_version":"1.5.0","com.unity.ml-agents_version":"2.0.1","scene_name":"Mario Clone","end_time_seconds":"1731850406"}}