{"count":1,"self":68509.597696,"total":100760.9785647,"children":{"InitializeActuators":{"count":1,"self":0.0020843999999999997,"total":0.0020843999999999997,"children":null},"InitializeSensors":{"count":1,"self":0.0025548999999999997,"total":0.0025548999999999997,"children":null},"AgentSendState":{"count":36384211,"self":146.88037119999998,"total":1662.8730119,"children":{"CollectObservations":{"count":3645368,"self":12.153644,"total":12.1536437,"children":null},"WriteActionMask":{"count":3645368,"self":5.573706,"total":5.573706,"children":null},"RequestDecision":{"count":3645368,"self":16.091535999999998,"total":1498.2652851999999,"children":{"AgentInfo.ToProto":{"count":3645368,"self":32.8402688,"total":1482.1737487,"children":{"GenerateSensorData":{"count":3645368,"self":1449.3334528,"total":1449.3334803999999,"children":null}}}}}}},"DecideAction":{"count":36384211,"self":30444.6898176,"total":30444.690579,"children":null},"AgentAct":{"count":36384211,"self":143.809984,"total":143.8099861,"children":null}},"gauges":{},"metadata":{"timer_format_version":"0.1.0","start_time_seconds":"1731850490","unity_version":"2022.3.3f1","command_line_arguments":"C:\\Users\\mbart\\Desktop\\Affectively-Environments\\examples\\..\/Builds\/MS_Pirates\/platform.exe --mlagents-port 5006 -gridWidth 11 -gridHeight 11 -elementSize 1 -socketID 026b7ba9-0c9a-47ff-933a-34830ab28f00","communication_protocol_version":"1.5.0","com.unity.ml-agents_version":"2.0.1","scene_name":"Mario Clone","end_time_seconds":"1731951251"}}