{"count":1,"self":8150.9818368,"total":20399.968994299998,"children":{"InitializeActuators":{"count":125,"self":0.0032998,"total":0.0032998,"children":null},"InitializeSensors":{"count":125,"self":0.0069409999999999993,"total":0.0069409999999999993,"children":null},"AgentSendState":{"count":11582884,"self":26.706787199999997,"total":126.57486949999999,"children":{"CollectObservations":{"count":1158717,"self":43.317228799999995,"total":43.3172297,"children":null},"WriteActionMask":{"count":1158717,"self":0.89358209999999993,"total":0.89358209999999993,"children":null},"RequestDecision":{"count":1158717,"self":2.748649,"total":55.6572702,"children":{"AgentInfo.ToProto":{"count":1158717,"self":5.0773424,"total":52.9086212,"children":{"GenerateSensorData":{"count":1158717,"self":47.83128,"total":47.831278999999995,"children":null}}}}}}},"DecideAction":{"count":11582884,"self":11654.5421312,"total":11654.5421813,"children":null},"AgentAct":{"count":11582884,"self":467.8545408,"total":467.85451969999997,"children":null},"AgentInfo.ToProto":{"count":124,"self":0,"total":0.0040062,"children":{"GenerateSensorData":{"count":124,"self":0.0040062,"total":0.0040062,"children":null}}}},"gauges":{},"metadata":{"timer_format_version":"0.1.0","start_time_seconds":"1774861282","unity_version":"2022.3.62f3","command_line_arguments":"C:\\Users\\IDG Room 208\\Documents\\GitHub\\Affectively-Framework\\.\/affectively\/builds\/platform\/Windows_absolute\/platform.exe --mlagents-port 5013 -gridWidth 3 -gridHeight 3 -reloadEvery 3 -frameBuffer False -socketID ddea9638-6191-432a-8615-f73bf9a7f7b3 -decisionPeriod 10","communication_protocol_version":"1.5.0","com.unity.ml-agents_version":"2.0.1","scene_name":"Mario Clone","end_time_seconds":"1774881682"}}